Jour,Titre,Type,Source
2025-01-31,Conseil BAM — décision sur les taux directeurs,Politique monétaire,BAM
2025-03-07,Publication IPC (HCP),Publication macro,HCP
2025-04-01,Conseil BAM — décision sur les taux directeurs,Politique monétaire,BAM
2025-05-13,Enquête conjoncture industrielle (HCP),Publication macro,HCP
2025-06-10,Conseil BAM — décision sur les taux directeurs,Politique monétaire,BAM
2025-07-15,Comptes nationaux trimestriels — estimation (HCP),Publication macro,HCP
2025-09-02,Publication IPC (HCP),Publication macro,HCP
2025-10-14,Conseil BAM — décision sur les taux directeurs,Politique monétaire,BAM
2025-12-11,Comptabilité nationale — révisions (HCP),Publication macro,HCP
